timestamp,temp,hum,pot,prediction
2025-12-06 11:43:36,29.1,69.9,4095,N/A
2025-12-06 11:43:39,29.2,69.7,4095,N/A
2025-12-06 11:43:42,29.3,69.6,4095,N/A
2025-12-06 11:43:45,29.3,69.5,4095,N/A
2025-12-06 11:43:48,29.4,69.3,4095,N/A
2025-12-06 11:43:51,29.5,69.1,4095,N/A
2025-12-06 11:43:54,29.5,68.9,4095,N/A
2025-12-06 11:43:57,29.6,68.8,4095,N/A
2025-12-06 11:44:00,29.6,68.5,4095,N/A
2025-12-06 11:44:03,29.7,68.2,4095,N/A
2025-12-06 11:44:08,29.7,67.9,4095,N/A
2025-12-06 11:44:09,29.7,67.7,4095,N/A
2025-12-06 11:44:12,29.8,67.6,4095,N/A
2025-12-06 11:44:15,29.8,67.4,4095,N/A
2025-12-06 11:44:18,29.9,67.1,4095,N/A
2025-12-06 11:44:21,29.9,67.0,4095,N/A
2025-12-06 11:44:24,29.9,66.8,4095,N/A
2025-12-06 11:44:27,30.0,66.7,4095,N/A
2025-12-06 11:44:30,30.0,66.6,4095,N/A
2025-12-06 11:44:33,30.0,66.5,4095,N/A
2025-12-06 11:44:36,30.0,66.1,4095,N/A
2025-12-06 11:44:39,30.0,65.9,4095,N/A
2025-12-06 11:44:42,30.0,65.8,4095,N/A
2025-12-06 11:44:45,30.0,65.7,4095,N/A
2025-12-06 11:44:48,30.1,65.6,4095,N/A
2025-12-06 11:44:51,30.1,65.5,4095,N/A
2025-12-06 11:44:54,30.1,65.4,4095,N/A
2025-12-06 11:44:57,30.2,65.3,4095,N/A
2025-12-06 11:45:00,30.2,65.2,4095,N/A
2025-12-06 11:45:03,30.2,65.1,4095,N/A
2025-12-06 11:45:06,30.2,65.0,4095,N/A
2025-12-06 11:45:09,30.2,65.0,4095,N/A
2025-12-06 11:45:12,30.3,64.9,4095,N/A
2025-12-06 11:45:15,30.3,64.9,4095,N/A
2025-12-06 11:45:18,30.3,64.8,4095,N/A
2025-12-06 11:45:21,30.3,64.7,4095,N/A
2025-12-06 11:45:24,30.4,64.6,4095,N/A
2025-12-06 11:45:27,30.4,64.6,4095,N/A
2025-12-06 11:45:30,30.4,64.5,4095,N/A
2025-12-06 11:45:33,30.4,64.5,4095,N/A
2025-12-06 11:45:36,30.4,64.5,4095,N/A
2025-12-06 11:45:39,30.5,64.4,4095,N/A
2025-12-06 11:45:42,30.5,64.3,4095,N/A
2025-12-06 11:45:45,30.5,64.3,4095,N/A
2025-12-06 11:45:48,30.5,64.3,4095,N/A
2025-12-06 11:45:51,30.5,64.3,4095,N/A
2025-12-06 11:45:54,30.6,64.2,4095,N/A
2025-12-06 11:45:57,30.6,64.2,4095,N/A
2025-12-06 11:46:00,30.6,64.2,4095,N/A
2025-12-06 11:46:03,30.6,64.1,4095,N/A
2025-12-06 11:46:06,30.6,64.1,4095,N/A
2025-12-06 11:46:09,30.7,64.1,4095,N/A
2025-12-06 11:46:12,30.7,64.0,4095,N/A
2025-12-06 11:46:15,30.7,64.0,4095,N/A
2025-12-06 11:46:18,30.7,63.9,4095,N/A
2025-12-06 11:46:21,30.7,63.9,4095,N/A
2025-12-06 11:46:24,30.8,63.8,4095,N/A
2025-12-06 11:46:27,30.8,63.8,4095,N/A
2025-12-06 11:46:30,30.8,63.7,4095,N/A
2025-12-06 11:46:33,30.8,63.6,4095,N/A
2025-12-06 11:46:36,30.8,63.6,4095,N/A
2025-12-06 11:46:39,30.9,63.6,4095,N/A
2025-12-06 11:46:42,30.9,63.5,4095,N/A
2025-12-06 11:46:45,30.9,63.5,4095,N/A
2025-12-06 11:46:48,30.9,63.5,4095,N/A
2025-12-06 11:46:51,30.9,63.4,4095,N/A
2025-12-06 11:46:54,30.9,63.4,4095,N/A
2025-12-06 11:46:57,31.0,63.3,4095,N/A
2025-12-06 11:47:00,31.0,63.3,4095,N/A
2025-12-06 11:47:03,31.0,63.2,4095,N/A
2025-12-06 11:47:06,31.0,63.2,4095,N/A
2025-12-06 11:47:09,31.0,63.2,4095,N/A
2025-12-06 11:47:12,31.0,63.1,4095,N/A
2025-12-06 11:47:15,31.0,63.1,4095,N/A
2025-12-06 11:47:18,31.0,63.1,4095,N/A
2025-12-06 11:47:21,31.0,63.0,4095,N/A
2025-12-06 11:47:24,31.0,63.0,4095,N/A
2025-12-06 11:47:27,31.0,62.7,4095,N/A
2025-12-06 11:47:30,31.0,62.7,4095,N/A
2025-12-06 11:47:33,31.0,62.7,4095,N/A
2025-12-06 11:47:36,31.0,62.7,4095,N/A
2025-12-06 11:47:39,31.0,62.6,4095,N/A
2025-12-06 11:47:42,31.0,62.6,4095,N/A
2025-12-06 11:47:45,31.0,62.5,4095,N/A
2025-12-06 11:47:48,31.0,62.5,4095,N/A
2025-12-06 11:47:51,31.0,62.5,4095,N/A
2025-12-06 11:47:54,31.0,62.5,4095,N/A
2025-12-06 11:47:58,31.0,62.4,4095,N/A
2025-12-06 11:48:00,31.1,62.4,4095,N/A
2025-12-06 11:48:03,31.1,62.4,4095,N/A
2025-12-06 11:48:06,31.1,62.4,4095,N/A
2025-12-06 11:48:09,31.1,62.3,4095,N/A
2025-12-06 11:48:13,31.1,62.3,4095,N/A
2025-12-06 11:48:15,31.1,62.3,4095,N/A
2025-12-06 11:48:18,31.1,62.3,4095,N/A
2025-12-06 11:48:21,31.1,62.3,4095,N/A
2025-12-06 11:48:24,31.1,62.2,4095,N/A
2025-12-06 11:48:27,31.1,62.2,4095,N/A
2025-12-06 11:48:30,31.1,62.1,4095,N/A
2025-12-06 11:48:33,31.1,62.1,4095,N/A
2025-12-06 11:48:36,31.1,62.0,4095,N/A
2025-12-06 11:48:39,31.2,61.9,4095,N/A
2025-12-06 11:48:42,31.2,61.9,4095,N/A
2025-12-06 11:48:45,31.2,61.8,4095,N/A
2025-12-06 11:48:48,31.2,61.7,4095,N/A
2025-12-06 11:48:51,31.2,61.6,4095,N/A
2025-12-06 11:48:54,31.1,61.6,4095,N/A
2025-12-06 11:48:57,31.1,61.5,4095,N/A
2025-12-06 11:49:00,31.1,61.5,4095,N/A
2025-12-06 11:49:03,31.1,61.5,4095,N/A
2025-12-06 11:49:06,31.1,61.4,4095,N/A
2025-12-06 11:49:09,31.1,61.4,4095,N/A
2025-12-06 11:49:12,31.2,61.4,4095,N/A
2025-12-06 11:49:15,31.2,61.4,4095,N/A
2025-12-06 11:49:18,31.2,61.4,4095,N/A
2025-12-06 11:49:22,31.2,61.4,4095,N/A
2025-12-06 11:49:25,31.2,61.3,4095,N/A
2025-12-06 11:49:27,31.2,61.2,4095,N/A
2025-12-06 11:49:31,31.2,61.1,4095,N/A
2025-12-06 11:49:34,31.2,61.1,4095,N/A
2025-12-06 11:49:37,31.2,61.1,4095,N/A
2025-12-06 11:49:40,31.2,61.0,4095,N/A
2025-12-06 11:49:43,31.1,61.0,4095,N/A
2025-12-06 11:49:46,31.1,60.9,4095,N/A
2025-12-06 11:49:49,31.1,60.9,4095,N/A
2025-12-06 11:49:52,31.1,60.9,4095,N/A
2025-12-06 11:49:55,31.1,60.9,4095,N/A
2025-12-06 11:49:58,31.1,61.0,4095,N/A
2025-12-06 11:50:01,31.1,61.0,4095,N/A
2025-12-06 11:50:04,31.1,61.0,4095,N/A
2025-12-06 11:50:07,31.1,61.0,4095,N/A
2025-12-06 11:50:10,31.1,61.0,4095,N/A
2025-12-06 11:50:13,31.1,61.0,4095,N/A
2025-12-06 11:50:16,31.1,61.1,4095,N/A
2025-12-06 11:50:19,31.1,61.1,4095,N/A
2025-12-06 11:50:22,31.1,61.1,4095,N/A
2025-12-06 11:50:25,31.1,61.1,4095,N/A
2025-12-06 11:50:28,31.1,61.1,4095,N/A
2025-12-06 11:50:31,31.1,61.1,4095,N/A
2025-12-06 11:50:34,31.1,61.1,4095,N/A
2025-12-06 11:50:37,31.1,61.1,4095,N/A
2025-12-06 11:50:40,31.1,61.1,4095,N/A
2025-12-06 11:50:43,31.1,61.1,4095,N/A
2025-12-06 11:50:46,31.1,61.1,4095,N/A
2025-12-06 11:50:49,31.1,61.1,4095,N/A
2025-12-06 11:50:52,31.1,61.1,4095,N/A
2025-12-06 11:50:55,31.1,61.1,4095,N/A
2025-12-06 11:50:58,31.1,61.1,4095,N/A
2025-12-06 11:51:01,31.1,61.2,4095,N/A
2025-12-06 11:51:04,31.1,61.2,4095,N/A
2025-12-06 11:51:07,31.1,61.3,4095,N/A
2025-12-06 11:51:10,31.2,61.3,4095,N/A
2025-12-06 11:51:13,31.2,61.4,4095,N/A
2025-12-06 11:51:16,31.2,61.4,4095,N/A
2025-12-06 11:51:19,31.2,61.4,4095,N/A
2025-12-06 11:51:22,31.2,61.4,4095,N/A
2025-12-06 11:51:25,31.2,61.4,4095,N/A
2025-12-06 11:51:28,31.2,61.5,4095,N/A
2025-12-06 11:51:31,31.2,61.5,4095,N/A
2025-12-06 11:51:34,31.2,61.5,4095,N/A
2025-12-06 11:51:37,31.2,61.5,4095,N/A
2025-12-06 11:51:40,31.2,61.5,4095,N/A
2025-12-06 11:51:43,31.2,61.5,4095,N/A
2025-12-06 11:51:46,31.2,61.5,4095,N/A
2025-12-06 11:51:49,31.2,61.5,4095,N/A
2025-12-06 11:51:52,31.2,61.4,4095,N/A
2025-12-06 11:51:55,31.2,61.3,4095,N/A
2025-12-06 11:51:58,31.2,61.2,4095,N/A
2025-12-06 11:52:01,31.2,61.2,4095,N/A
2025-12-06 11:52:04,31.1,61.2,4095,N/A
2025-12-06 11:52:07,31.1,61.2,4095,N/A
2025-12-06 11:52:10,31.1,61.2,4095,N/A
2025-12-06 11:52:13,31.1,61.3,4095,N/A
2025-12-06 11:52:16,31.1,61.4,4095,N/A
2025-12-06 11:52:19,31.1,61.5,4095,N/A
2025-12-06 11:52:22,31.1,61.6,4095,N/A
2025-12-06 11:52:25,31.1,61.7,4095,N/A
2025-12-06 11:52:28,31.1,61.7,4095,N/A
2025-12-06 11:52:31,31.1,61.8,4095,N/A
2025-12-06 11:52:34,31.1,61.8,4095,N/A
2025-12-06 11:52:37,31.1,61.7,4095,N/A
2025-12-06 11:52:40,31.1,61.6,4095,N/A
2025-12-06 11:52:43,31.1,61.5,4095,N/A
2025-12-06 11:52:46,31.1,61.5,4095,N/A
2025-12-06 11:52:49,31.1,61.4,4095,N/A
2025-12-06 11:52:52,31.1,61.4,4095,N/A
2025-12-06 11:52:55,31.1,61.3,4095,N/A
2025-12-06 11:52:58,31.1,61.2,4095,N/A
2025-12-06 11:53:01,31.1,61.2,4095,N/A
2025-12-06 11:53:04,31.1,61.1,4095,N/A
2025-12-06 11:53:07,31.1,61.0,4095,N/A
2025-12-06 11:53:10,31.1,60.9,4095,N/A
2025-12-06 11:53:13,31.1,60.7,4095,N/A
2025-12-06 11:53:16,31.1,60.5,4095,N/A
2025-12-06 11:53:19,31.1,60.4,4095,N/A
2025-12-06 11:53:22,31.1,60.3,4095,N/A
2025-12-06 11:53:25,31.1,60.2,4095,N/A
2025-12-06 11:53:28,31.1,60.1,4095,N/A
2025-12-06 11:53:31,31.1,60.0,4095,N/A
2025-12-06 11:53:34,31.1,60.0,4095,N/A
2025-12-06 11:53:37,31.1,60.0,4095,N/A
2025-12-06 11:53:40,31.1,60.0,4095,N/A
2025-12-06 11:53:43,31.1,60.0,4095,N/A
2025-12-06 11:53:46,31.1,60.0,4095,N/A
2025-12-06 11:53:49,31.1,60.0,4095,N/A
2025-12-06 11:53:52,31.1,60.0,4095,N/A
2025-12-06 11:53:55,31.2,60.0,4095,N/A
2025-12-06 11:53:58,31.2,60.0,4095,N/A
2025-12-06 11:54:01,31.2,60.0,4095,N/A
2025-12-06 11:54:04,31.2,59.9,4095,N/A
2025-12-06 11:54:07,31.2,59.9,4095,N/A
2025-12-06 11:54:10,31.2,59.9,4095,N/A
2025-12-06 11:54:13,31.2,59.9,4095,N/A
2025-12-06 11:54:16,31.2,59.9,4095,N/A
2025-12-06 11:54:19,31.2,59.9,4095,N/A
2025-12-06 11:54:22,31.2,59.8,4095,N/A
2025-12-06 11:54:25,31.2,59.8,4095,N/A
2025-12-06 11:54:28,31.2,59.7,4095,N/A
2025-12-06 11:54:31,31.2,59.7,4095,N/A
2025-12-06 11:54:34,31.2,59.7,4095,N/A
2025-12-06 11:54:37,31.2,59.7,4095,N/A
2025-12-06 11:54:40,31.2,59.6,4095,N/A
2025-12-06 11:54:43,31.2,59.6,4095,N/A
2025-12-06 11:54:46,31.2,59.5,4095,N/A
2025-12-06 11:54:49,31.2,59.5,4095,N/A
2025-12-06 11:54:52,31.2,59.4,4095,N/A
2025-12-06 11:54:55,31.2,59.4,4095,N/A
2025-12-06 11:54:58,31.2,59.3,4095,N/A
2025-12-06 11:55:01,31.2,59.3,4095,N/A
2025-12-06 11:55:04,31.2,59.2,4095,N/A
2025-12-06 11:55:07,31.2,59.2,4095,N/A
2025-12-06 11:55:10,31.2,59.2,4095,N/A
2025-12-06 11:55:13,31.2,59.3,4095,N/A
2025-12-06 11:55:16,31.2,59.3,4095,N/A
2025-12-06 11:55:19,31.2,59.4,4095,N/A
2025-12-06 11:55:22,31.2,59.4,4095,N/A
2025-12-06 11:55:25,31.2,59.4,4095,N/A
2025-12-06 11:55:28,31.2,59.4,4095,N/A
2025-12-06 11:55:31,31.2,59.4,4095,N/A
2025-12-06 11:55:34,31.2,59.4,4095,N/A
2025-12-06 11:55:37,31.2,59.4,4095,N/A
2025-12-06 11:55:40,31.2,59.3,4095,N/A
2025-12-06 11:55:43,31.2,59.3,4095,N/A
2025-12-06 11:55:46,31.2,59.3,4095,N/A
2025-12-06 11:55:49,31.2,59.3,4095,N/A
2025-12-06 11:55:52,31.2,59.3,4095,N/A
2025-12-06 11:55:55,31.2,59.3,4095,N/A
2025-12-06 11:55:58,31.2,59.2,4095,N/A
2025-12-06 11:56:01,31.2,59.2,4095,N/A
2025-12-06 11:56:04,31.2,59.1,4095,N/A
2025-12-06 11:56:07,31.2,59.0,4095,N/A
2025-12-06 11:56:10,31.2,58.9,4095,N/A
2025-12-06 11:56:13,31.1,58.9,4095,N/A
2025-12-06 11:56:16,31.1,58.9,4095,N/A
2025-12-06 11:56:19,31.1,58.8,4095,N/A
2025-12-06 11:56:22,31.2,58.8,4095,N/A
2025-12-06 11:56:25,31.2,58.7,4095,N/A
2025-12-06 11:56:28,31.2,58.7,4095,N/A
2025-12-06 11:56:31,31.2,58.7,4095,N/A
2025-12-06 11:56:34,31.2,58.7,4095,N/A
2025-12-06 11:56:37,31.2,58.7,4095,N/A
2025-12-06 11:56:40,31.2,58.7,4095,N/A
2025-12-06 11:56:43,31.2,58.6,4095,N/A
2025-12-06 11:56:46,31.2,58.6,4095,N/A
2025-12-06 11:56:49,31.2,58.6,4095,N/A
2025-12-06 11:56:52,31.2,58.6,4095,N/A
2025-12-06 11:56:55,31.2,58.6,4095,N/A
2025-12-06 11:56:58,31.2,58.6,4095,N/A
2025-12-06 11:57:01,31.2,58.7,4095,N/A
2025-12-06 11:57:04,31.2,58.7,4095,N/A
2025-12-06 11:57:07,31.2,58.7,4095,N/A
2025-12-06 11:57:10,31.2,58.7,4095,N/A
2025-12-06 11:57:13,31.2,58.7,4095,N/A
2025-12-06 11:57:16,31.2,58.7,4095,N/A
2025-12-06 11:57:19,31.1,58.7,4095,N/A
2025-12-06 11:57:22,31.1,58.7,4095,N/A
2025-12-06 11:57:25,31.1,58.7,4095,N/A
2025-12-06 11:57:28,31.1,58.7,4095,N/A
2025-12-06 11:57:31,31.1,58.8,4095,N/A
2025-12-06 11:57:34,31.1,58.8,4095,N/A
2025-12-06 11:57:37,31.1,58.8,4095,N/A
2025-12-06 11:57:40,31.1,58.9,4095,N/A
2025-12-06 11:57:43,31.1,58.9,4095,N/A
2025-12-06 11:57:46,31.0,59.0,4095,N/A
2025-12-06 11:57:49,31.0,59.1,4095,N/A
2025-12-06 11:57:52,31.0,59.1,4095,N/A
2025-12-06 11:57:55,31.0,59.1,4095,N/A
2025-12-06 11:57:58,31.0,59.1,4095,N/A
2025-12-06 11:58:01,31.0,59.4,4095,N/A
2025-12-06 11:58:04,31.0,59.4,4095,N/A
2025-12-06 11:58:07,31.0,59.4,4095,N/A
2025-12-06 11:58:10,31.0,59.5,4095,N/A
2025-12-06 11:58:13,31.0,59.5,4095,N/A
2025-12-06 11:58:16,31.0,59.5,4095,N/A
2025-12-06 11:58:19,31.0,59.5,4095,N/A
2025-12-06 11:58:22,31.0,59.5,4095,N/A
2025-12-06 11:58:25,31.0,59.6,4095,N/A
2025-12-06 11:58:28,31.0,59.6,4095,N/A
2025-12-06 11:58:31,31.0,59.6,4095,N/A
2025-12-06 11:58:34,31.0,59.7,4095,N/A
2025-12-06 11:58:37,31.0,59.8,4095,N/A
2025-12-06 11:58:40,31.0,59.8,4095,N/A
2025-12-06 11:58:43,31.0,59.9,4095,N/A
2025-12-06 11:58:46,31.0,59.9,4095,N/A
2025-12-06 11:58:49,31.0,60.0,4095,N/A
2025-12-06 11:58:52,31.0,60.0,4095,N/A
2025-12-06 11:58:55,31.0,60.1,4095,N/A
2025-12-06 11:58:58,31.0,60.1,4095,N/A
2025-12-06 11:59:01,31.0,60.1,4095,N/A
2025-12-06 11:59:04,31.0,60.1,4095,N/A
2025-12-06 11:59:07,31.0,60.1,4095,N/A
2025-12-06 11:59:10,31.0,60.2,4095,N/A
2025-12-06 11:59:13,31.0,60.2,4095,N/A
2025-12-06 11:59:16,31.0,60.3,4095,N/A
2025-12-06 11:59:19,31.0,60.3,4095,N/A
2025-12-06 11:59:22,31.0,60.4,4095,N/A
2025-12-06 11:59:25,31.0,60.0,4095,N/A
2025-12-06 11:59:28,31.0,60.1,4095,N/A
2025-12-06 11:59:31,31.0,60.1,4095,N/A
2025-12-06 11:59:34,31.0,60.1,4095,N/A
2025-12-06 11:59:37,31.0,60.1,4095,N/A
2025-12-06 11:59:40,31.0,60.2,4095,N/A
2025-12-06 11:59:43,31.1,60.2,4095,N/A
2025-12-06 11:59:46,31.1,60.2,4095,N/A
2025-12-06 11:59:49,31.1,60.2,4095,N/A
2025-12-06 11:59:52,31.1,60.2,4095,N/A
2025-12-06 11:59:55,31.1,60.2,4095,N/A
2025-12-06 11:59:58,31.1,60.3,4095,N/A
2025-12-06 12:00:01,31.1,60.3,4095,N/A
2025-12-06 12:00:04,31.1,60.4,4095,N/A
2025-12-06 12:00:07,31.1,60.4,4095,N/A
2025-12-06 12:00:10,31.1,60.4,4095,N/A
2025-12-06 12:00:13,31.1,60.4,4095,N/A
2025-12-06 12:00:16,31.1,60.4,4095,N/A
2025-12-06 12:00:19,31.1,60.4,4095,N/A
2025-12-06 12:00:22,31.1,60.4,4095,N/A
2025-12-06 12:00:25,31.2,60.4,4095,N/A
2025-12-06 12:00:28,31.2,60.5,4095,N/A
2025-12-06 12:00:31,31.2,60.5,4095,N/A
2025-12-06 12:00:34,31.2,60.5,4095,N/A
2025-12-06 12:00:37,31.2,60.5,4095,N/A
2025-12-06 12:00:40,31.1,60.5,4095,N/A
2025-12-06 12:00:43,31.2,60.5,4095,N/A
2025-12-06 12:00:46,31.2,60.5,4095,N/A
2025-12-06 12:00:49,31.2,60.5,4095,N/A
2025-12-06 12:00:52,31.2,60.5,4095,N/A
2025-12-06 12:00:55,31.1,60.5,4095,N/A
2025-12-06 12:00:58,31.1,60.5,4095,N/A
2025-12-06 12:01:01,31.1,60.5,4095,N/A
2025-12-06 12:01:04,31.1,60.5,4095,N/A
2025-12-06 12:01:09,31.1,60.5,4095,N/A
2025-12-06 12:01:12,31.1,60.5,4095,N/A
2025-12-06 12:01:15,31.1,60.4,4095,N/A
2025-12-06 12:01:18,31.1,60.4,4095,N/A
2025-12-06 12:01:21,31.1,60.4,4095,N/A
2025-12-06 12:01:24,31.1,60.4,4095,N/A
2025-12-06 12:01:27,31.1,60.3,4095,N/A
2025-12-06 12:01:30,31.1,60.1,4095,N/A
2025-12-06 12:01:33,31.1,59.9,4095,N/A
2025-12-06 12:01:36,31.1,59.9,4095,N/A
2025-12-06 12:01:39,31.0,59.8,4095,N/A
2025-12-06 12:01:42,31.0,59.7,4095,N/A
2025-12-06 12:01:45,31.0,59.7,4095,N/A
2025-12-06 12:01:48,31.0,59.7,4095,N/A
2025-12-06 12:01:51,31.0,59.7,4095,N/A
2025-12-06 12:01:54,31.0,59.7,4095,N/A
2025-12-06 12:01:57,31.0,59.7,4095,N/A
2025-12-06 12:02:00,31.0,59.7,4095,N/A
2025-12-06 12:02:03,31.0,59.7,4095,N/A
2025-12-06 12:02:06,31.0,59.7,4095,N/A
2025-12-06 12:07:22,29.0,45.9,4095,N/A
2025-12-06 12:07:25,29.0,45.9,4095,N/A
2025-12-06 12:07:28,29.0,46.0,4095,N/A
2025-12-06 12:07:31,29.0,46.2,4095,N/A
2025-12-06 12:07:34,29.0,46.3,4095,N/A
2025-12-06 12:07:37,28.9,46.3,4095,N/A
2025-12-06 12:07:40,28.9,46.3,4095,N/A
2025-12-06 12:07:43,28.8,46.4,4095,N/A
2025-12-06 12:07:46,28.8,46.4,4095,N/A
2025-12-06 12:07:49,28.8,46.5,4095,N/A
2025-12-06 12:07:52,28.7,46.5,4095,N/A
2025-12-06 12:07:55,28.7,46.5,4095,N/A
2025-12-06 12:07:58,28.7,46.5,4095,N/A
2025-12-06 12:08:01,28.6,46.6,4095,N/A
2025-12-06 12:08:04,28.6,46.6,4095,N/A
2025-12-06 12:08:07,28.6,46.7,4095,N/A
2025-12-06 12:08:10,28.5,46.7,4095,N/A
2025-12-06 12:08:13,28.5,46.8,4095,N/A
2025-12-06 12:08:16,28.5,46.8,4095,N/A
2025-12-06 12:08:19,28.4,46.8,4095,N/A
2025-12-06 12:08:22,28.4,46.9,4095,N/A
2025-12-06 12:08:25,28.4,46.9,4095,N/A
2025-12-06 12:08:28,28.4,47.0,4095,N/A
2025-12-06 12:08:31,28.3,47.0,4095,N/A
2025-12-06 12:08:34,28.3,47.0,4095,N/A
2025-12-06 12:08:37,28.3,47.0,4095,N/A
2025-12-06 12:08:40,28.2,47.1,4095,N/A
2025-12-06 12:08:43,28.2,47.1,4095,N/A
2025-12-06 12:08:46,28.2,47.1,4095,N/A
2025-12-06 12:08:49,28.1,47.2,4095,N/A
2025-12-06 12:08:52,28.1,47.2,4095,N/A
2025-12-06 12:08:55,28.1,47.2,4095,N/A
2025-12-06 12:08:58,28.0,47.2,4095,N/A
2025-12-06 12:09:01,28.0,47.3,4095,N/A
2025-12-06 12:09:04,28.0,47.3,4095,N/A
2025-12-06 12:09:07,28.0,47.3,4095,N/A
2025-12-06 12:09:10,28.0,47.6,4095,N/A
2025-12-06 12:09:14,28.0,47.6,4095,N/A
2025-12-06 12:09:16,28.0,47.7,4095,N/A
2025-12-06 12:09:19,27.9,47.7,4095,N/A
2025-12-06 12:09:22,27.9,47.8,4095,N/A
2025-12-06 12:09:25,27.9,47.8,4095,N/A
2025-12-06 12:09:28,27.9,47.8,4095,N/A
2025-12-06 12:09:31,27.8,47.8,4095,N/A
2025-12-06 12:09:34,27.8,47.8,4095,N/A
2025-12-06 12:09:38,27.8,47.9,4095,N/A
2025-12-06 12:09:40,27.8,47.9,4095,N/A
2025-12-06 12:09:43,27.8,47.9,4095,N/A
2025-12-06 12:09:47,27.7,48.0,4095,N/A
2025-12-06 12:09:49,27.7,48.0,4095,N/A
2025-12-06 12:09:52,27.7,48.0,4095,N/A
2025-12-06 12:09:55,27.7,48.0,4095,N/A
2025-12-06 12:09:58,27.7,48.0,4095,N/A
2025-12-06 12:10:01,27.6,48.0,4095,N/A
2025-12-06 12:10:04,27.6,48.1,4095,N/A
2025-12-06 12:10:07,27.5,48.1,4095,N/A
2025-12-06 12:10:11,27.5,48.1,4095,N/A
2025-12-06 12:10:13,27.5,48.1,4095,N/A
2025-12-06 12:10:16,27.5,48.1,4095,N/A
2025-12-06 12:10:19,27.4,48.1,4095,N/A
2025-12-06 12:10:22,27.4,48.2,4095,N/A
2025-12-06 12:10:25,27.4,48.2,4095,N/A
2025-12-06 12:10:28,27.4,48.2,4095,N/A
2025-12-06 12:10:32,27.4,48.2,4095,N/A
2025-12-06 12:10:34,27.4,48.2,4095,N/A
2025-12-06 12:10:37,27.3,48.3,4095,N/A
2025-12-06 12:10:40,27.3,48.3,4095,N/A
2025-12-06 12:10:43,27.3,48.3,4095,N/A
2025-12-06 12:10:47,27.3,48.3,4095,N/A
2025-12-06 12:10:50,27.3,48.3,4095,N/A
2025-12-06 12:10:52,27.3,48.3,4095,N/A
2025-12-06 12:10:56,27.2,48.4,4095,N/A
2025-12-06 12:10:59,27.2,48.4,4095,N/A
2025-12-06 12:11:01,27.2,48.4,4095,N/A
2025-12-06 12:11:05,27.2,48.4,4095,N/A
2025-12-06 12:11:08,27.2,48.4,4095,N/A
2025-12-06 12:11:10,27.2,48.5,4095,N/A
2025-12-06 12:11:14,27.2,48.5,4095,N/A
2025-12-06 12:11:16,27.2,48.5,4095,N/A
2025-12-06 12:11:20,27.2,48.5,4095,N/A
2025-12-06 12:11:23,27.2,48.5,4095,N/A
2025-12-06 12:11:26,27.1,48.5,4095,N/A
2025-12-06 12:11:29,27.1,48.5,4095,N/A
2025-12-06 12:11:32,27.1,48.5,4095,N/A
2025-12-06 12:11:35,27.1,48.5,4095,N/A
2025-12-06 12:11:38,27.1,48.5,4095,N/A
2025-12-06 12:11:41,27.1,48.5,4095,N/A
2025-12-06 12:11:44,27.1,48.5,4095,N/A
2025-12-06 12:11:47,27.0,48.5,4095,N/A
2025-12-06 12:11:50,27.0,48.5,4095,N/A
2025-12-06 12:11:53,27.0,48.6,4095,N/A
2025-12-06 12:11:56,27.0,48.6,4095,N/A
2025-12-06 12:11:59,27.0,48.6,4095,N/A
2025-12-06 12:12:02,27.0,48.6,4095,N/A
2025-12-06 12:12:05,27.0,48.6,4095,N/A
2025-12-06 12:12:08,27.0,48.6,4095,N/A
2025-12-06 12:12:11,27.0,48.8,4095,N/A
2025-12-06 12:12:14,27.0,48.8,4095,N/A
2025-12-06 12:12:17,27.0,48.8,4095,N/A
2025-12-06 12:12:20,27.0,48.8,4095,N/A
2025-12-06 12:12:23,27.0,48.8,4095,N/A
2025-12-06 12:12:26,27.0,48.8,4095,N/A
2025-12-06 12:12:29,27.0,48.8,4095,N/A
2025-12-06 12:12:32,26.9,48.8,4095,N/A
2025-12-06 12:12:35,26.9,48.8,4095,N/A
2025-12-06 12:12:38,26.9,48.8,4095,N/A
2025-12-06 12:12:41,26.9,48.8,4095,N/A
2025-12-06 12:12:44,26.9,48.8,4095,N/A
2025-12-06 12:12:47,26.9,48.8,4095,N/A
2025-12-06 12:12:50,26.9,48.8,4095,N/A
2025-12-06 12:12:53,26.9,48.8,4095,N/A
2025-12-06 12:12:56,26.8,48.8,4095,N/A
2025-12-06 12:12:59,26.8,48.8,4095,N/A
2025-12-06 12:13:02,26.8,48.8,4095,N/A
2025-12-06 12:13:05,26.8,48.8,4095,N/A
2025-12-06 12:13:08,26.8,48.8,4095,N/A
2025-12-06 12:13:11,26.8,48.8,4095,N/A
2025-12-06 12:13:14,26.8,48.8,4095,N/A
2025-12-06 12:13:17,26.8,48.8,4095,N/A
2025-12-06 12:13:20,26.8,48.8,4095,N/A
2025-12-06 12:13:23,26.8,48.8,4095,N/A
2025-12-06 12:13:26,26.7,48.8,4095,N/A
2025-12-06 12:13:29,26.7,48.8,4095,N/A
2025-12-06 12:13:32,26.7,48.8,4095,N/A
2025-12-06 12:13:35,26.7,48.8,4095,N/A
2025-12-06 12:13:38,26.7,48.8,4095,N/A
2025-12-06 12:13:41,26.7,48.8,4095,N/A
2025-12-06 12:13:44,26.7,48.8,4095,N/A
2025-12-06 12:13:47,26.7,48.8,4095,N/A
2025-12-06 12:13:50,26.7,48.8,4095,N/A
2025-12-06 12:13:53,26.7,48.8,4095,N/A
2025-12-06 12:13:56,26.7,48.8,4095,N/A
2025-12-06 12:13:59,26.7,48.8,4095,N/A
2025-12-06 12:14:02,26.7,48.8,4095,N/A
2025-12-06 12:14:05,26.7,48.8,4095,N/A
2025-12-06 12:14:08,26.7,48.8,4095,N/A
2025-12-06 12:14:11,26.7,48.8,4095,N/A
2025-12-06 12:14:14,26.6,48.8,4095,N/A
2025-12-06 12:14:17,26.6,48.8,4095,N/A
2025-12-06 12:14:20,26.6,48.8,4095,N/A
2025-12-06 12:14:23,26.6,48.8,4095,N/A
2025-12-06 12:14:26,26.6,48.8,4095,N/A
2025-12-06 12:14:29,26.6,48.8,4095,N/A
2025-12-06 12:14:32,26.6,48.7,4095,N/A
2025-12-06 12:14:35,26.6,48.7,4095,N/A
2025-12-06 12:14:38,26.6,48.7,4095,N/A
2025-12-06 12:14:41,26.6,48.7,4095,N/A
2025-12-06 12:14:44,26.6,48.7,4095,N/A
2025-12-06 12:14:47,26.6,48.7,4095,N/A
2025-12-06 12:14:50,26.6,48.7,4095,N/A
2025-12-06 12:14:53,26.6,48.7,4095,N/A
2025-12-06 12:14:56,26.6,48.6,4095,N/A
2025-12-06 12:14:59,26.6,48.6,4095,N/A
2025-12-06 12:15:02,26.6,48.6,4095,N/A
2025-12-06 12:15:05,26.5,48.6,4095,N/A
2025-12-06 12:15:08,26.5,48.6,4095,N/A
2025-12-06 12:15:11,26.5,48.6,4095,N/A
2025-12-06 12:15:14,26.5,48.6,4095,N/A
2025-12-06 12:15:17,26.5,48.6,4095,N/A
2025-12-06 12:15:20,26.5,48.6,4095,N/A
2025-12-06 12:15:23,26.5,48.6,4095,N/A
2025-12-06 12:15:26,26.5,48.6,4095,N/A
2025-12-06 12:15:29,26.5,48.6,4095,N/A
2025-12-06 12:15:32,26.5,48.6,4095,N/A
2025-12-06 12:15:36,26.4,48.6,4095,N/A
2025-12-06 12:15:38,26.4,48.6,4095,N/A
2025-12-06 12:15:41,26.4,48.6,4095,N/A
2025-12-06 12:15:44,26.4,48.6,4095,N/A
2025-12-06 12:15:47,26.4,48.5,4095,N/A
2025-12-06 12:15:50,26.4,48.5,4095,N/A
2025-12-06 12:15:53,26.4,48.5,4095,N/A
2025-12-06 12:15:56,26.4,48.5,4095,N/A
2025-12-06 12:15:59,26.4,48.5,4095,N/A
2025-12-06 12:16:02,26.4,48.5,4095,N/A
2025-12-06 12:16:05,26.4,48.5,4095,N/A
2025-12-06 12:16:08,26.4,48.4,4095,N/A
2025-12-06 12:16:11,26.4,48.4,4095,N/A
2025-12-06 12:16:14,26.4,48.4,4095,N/A
2025-12-06 12:16:17,26.4,48.4,4095,N/A
2025-12-06 12:16:20,26.4,48.4,4095,N/A
2025-12-06 12:16:23,26.4,48.4,4095,N/A
2025-12-06 12:16:26,26.4,48.4,4095,N/A
2025-12-06 12:16:29,26.4,48.4,4095,N/A
2025-12-06 12:16:32,26.4,48.4,4095,N/A
2025-12-06 12:16:35,26.4,48.4,4095,N/A
2025-12-06 12:16:38,26.4,48.4,4095,N/A
2025-12-06 12:16:41,26.4,48.4,4095,N/A
2025-12-06 12:16:44,26.4,48.3,4095,N/A
2025-12-06 12:16:47,26.4,48.3,4095,N/A
2025-12-06 12:16:50,26.4,48.3,4095,N/A
2025-12-06 12:16:53,26.4,48.3,4095,N/A
2025-12-06 12:16:56,26.4,48.3,4095,N/A
2025-12-06 12:16:59,26.4,48.3,4095,N/A
2025-12-06 12:17:02,26.4,48.3,4095,N/A
2025-12-06 12:17:05,26.4,48.2,4095,N/A
2025-12-06 12:17:08,26.4,48.2,4095,N/A
2025-12-06 12:17:11,26.4,48.2,4095,N/A
2025-12-06 12:17:14,26.3,48.2,4095,N/A
2025-12-06 12:17:17,26.3,48.2,4095,N/A
2025-12-06 12:17:20,26.3,48.2,4095,N/A
2025-12-06 12:17:23,26.3,48.2,4095,N/A
2025-12-06 12:17:26,26.3,48.1,4095,N/A
2025-12-06 12:17:29,26.3,48.1,4095,N/A
2025-12-06 12:17:32,26.3,48.1,4095,N/A
2025-12-06 12:17:35,26.3,48.1,4095,N/A
2025-12-06 12:17:38,26.3,48.1,4095,N/A
2025-12-06 12:17:41,26.3,48.1,4095,N/A
2025-12-06 12:17:44,26.3,48.1,4095,N/A
2025-12-06 12:17:47,26.3,48.1,4095,N/A
2025-12-06 12:17:50,26.3,48.1,4095,N/A
2025-12-06 12:17:53,26.3,48.0,4095,N/A
2025-12-06 12:17:56,26.3,48.0,4095,N/A
2025-12-06 12:17:59,26.3,48.0,4095,N/A
2025-12-06 12:18:02,26.3,48.0,4095,N/A
2025-12-06 12:18:05,26.3,48.0,4095,N/A
2025-12-06 12:18:08,26.3,48.0,4095,N/A
2025-12-06 12:18:11,26.3,48.0,4095,N/A
2025-12-06 12:18:14,26.3,48.0,4095,N/A
2025-12-06 12:18:17,26.3,48.0,4095,N/A
2025-12-06 12:18:20,26.3,48.0,4095,N/A
2025-12-06 12:18:23,26.3,48.0,4095,N/A
2025-12-06 12:18:26,26.3,48.0,4095,N/A
2025-12-06 12:18:29,26.3,48.0,4095,N/A
2025-12-06 12:18:32,26.3,47.9,4095,N/A
2025-12-06 12:18:35,26.3,47.9,4095,N/A
2025-12-06 12:18:38,26.3,47.9,4095,N/A
2025-12-06 12:18:41,26.2,47.9,4095,N/A
2025-12-06 12:18:44,26.2,47.9,4095,N/A
2025-12-06 12:18:47,26.2,47.9,4095,N/A
2025-12-06 12:18:50,26.2,47.9,4095,N/A
2025-12-06 12:18:53,26.2,47.9,4095,N/A
2025-12-06 12:18:56,26.2,47.9,4095,N/A
2025-12-06 12:18:59,26.2,47.9,4095,N/A
2025-12-06 12:19:02,26.2,47.9,4095,N/A
2025-12-06 12:19:05,26.2,47.9,4095,N/A
2025-12-06 12:19:08,26.2,47.8,4095,N/A
2025-12-06 12:19:11,26.2,47.8,4095,N/A
2025-12-06 12:19:14,26.2,47.8,4095,N/A
2025-12-06 12:19:17,26.2,47.8,4095,N/A
2025-12-06 12:19:20,26.2,47.8,4095,N/A
2025-12-06 12:19:23,26.2,47.8,4095,N/A
2025-12-06 12:19:26,26.2,47.8,4095,N/A
2025-12-06 12:19:29,26.2,47.8,4095,N/A
2025-12-06 12:19:32,26.2,47.8,4095,N/A
2025-12-06 12:19:35,26.2,47.8,4095,N/A
2025-12-06 12:19:38,26.2,47.8,4095,N/A
2025-12-06 12:19:41,26.2,47.8,4095,N/A
2025-12-06 12:19:44,26.2,47.8,4095,N/A
2025-12-06 12:19:47,26.2,47.7,4095,N/A
2025-12-06 12:19:50,26.1,47.7,4095,N/A
2025-12-06 12:19:53,26.1,47.7,4095,N/A
2025-12-06 12:19:56,26.1,47.7,4095,N/A
2025-12-06 12:19:59,26.1,47.7,4095,N/A
2025-12-06 12:20:02,26.1,47.7,4095,N/A
2025-12-06 12:20:05,26.1,47.7,4095,N/A
2025-12-06 12:20:08,26.1,47.6,4095,N/A
2025-12-06 12:20:11,26.1,47.6,4095,N/A
2025-12-06 12:20:14,26.1,47.6,4095,N/A
2025-12-06 12:20:17,26.1,47.6,4095,N/A
2025-12-06 12:20:20,26.1,47.6,4095,N/A
2025-12-06 12:20:24,26.1,47.6,4095,N/A
2025-12-06 12:20:26,26.1,47.6,4095,N/A
2025-12-06 12:20:29,26.1,47.6,4095,N/A
2025-12-06 12:20:32,26.1,47.6,4095,N/A
2025-12-06 12:20:35,26.1,47.6,4095,N/A
2025-12-06 12:20:38,26.1,47.5,4095,N/A
2025-12-06 12:20:41,26.1,47.5,4095,N/A
2025-12-06 12:20:44,26.1,47.5,4095,N/A
2025-12-06 12:20:47,26.1,47.5,4095,N/A
2025-12-06 12:20:50,26.1,47.5,4095,N/A
2025-12-06 12:20:53,26.0,47.5,4095,N/A
2025-12-06 12:20:56,26.0,47.5,4095,N/A
2025-12-06 12:20:59,26.0,47.5,4095,N/A
2025-12-06 12:21:02,26.0,47.5,4095,N/A
2025-12-06 12:21:05,26.0,47.5,4095,N/A
2025-12-06 12:21:08,26.0,47.5,4095,N/A
2025-12-06 12:21:11,26.0,47.5,4095,N/A
2025-12-06 12:21:14,26.0,47.5,4095,N/A
2025-12-06 12:21:17,26.0,47.5,4095,N/A
2025-12-06 12:21:20,26.0,47.5,4095,N/A
2025-12-06 12:21:23,26.0,47.5,4095,N/A
2025-12-06 12:21:26,26.0,47.5,4095,N/A
2025-12-06 12:21:29,26.0,47.7,4095,N/A
2025-12-06 12:21:32,26.0,47.7,4095,N/A
2025-12-06 12:21:35,26.0,47.7,4095,N/A
2025-12-06 12:21:38,26.0,47.7,4095,N/A
2025-12-06 12:21:41,26.0,47.7,4095,N/A
2025-12-06 12:21:44,26.0,47.7,4095,N/A
2025-12-06 12:21:47,26.0,47.7,4095,N/A
2025-12-06 12:21:50,26.0,47.7,4095,N/A
2025-12-06 12:21:53,26.0,47.7,4095,N/A
2025-12-06 12:21:56,26.0,47.7,4095,N/A
2025-12-06 12:21:59,26.0,47.7,4095,N/A
2025-12-06 12:22:02,26.0,47.7,4095,N/A
2025-12-06 12:22:06,26.0,47.7,4095,N/A
2025-12-06 12:22:08,26.0,47.7,4095,N/A
2025-12-06 12:22:11,26.0,47.7,4095,N/A
2025-12-06 12:22:14,26.0,47.7,4095,N/A
2025-12-06 12:22:17,26.0,47.8,4095,N/A
2025-12-06 12:22:20,26.0,47.7,4095,N/A
2025-12-06 12:22:29,26.0,47.7,4095,N/A
2025-12-06 12:22:32,26.0,47.7,4095,N/A
2025-12-06 12:22:35,25.9,47.7,4095,N/A
2025-12-06 12:22:38,25.9,47.7,4095,N/A
2025-12-06 12:22:41,25.9,47.7,4095,N/A
2025-12-06 12:22:44,25.9,47.7,4095,N/A
2025-12-06 12:22:47,25.9,47.7,4095,N/A
2025-12-06 12:22:50,25.9,47.7,4095,N/A
2025-12-06 12:22:53,25.9,47.7,4095,N/A
2025-12-06 12:22:56,25.9,47.7,4095,N/A
2025-12-06 12:22:59,25.9,47.7,4095,N/A
2025-12-06 12:23:02,25.9,47.7,4095,N/A
2025-12-06 12:23:05,25.9,47.7,4095,N/A
2025-12-06 12:23:08,25.9,47.7,4095,N/A
2025-12-06 12:23:11,25.9,47.7,4095,N/A
2025-12-06 12:23:14,25.9,47.7,4095,N/A
2025-12-06 12:23:17,25.9,47.7,4095,N/A
2025-12-06 12:23:20,25.9,47.7,4095,N/A
2025-12-06 12:23:23,25.9,47.7,4095,N/A
2025-12-06 12:23:26,25.9,47.7,4095,N/A
2025-12-06 12:23:29,25.9,47.7,4095,N/A
2025-12-06 12:23:32,25.9,47.6,4095,N/A
2025-12-06 12:23:35,25.8,47.6,4095,N/A
2025-12-06 12:23:38,25.8,47.6,4095,N/A
2025-12-06 12:23:41,25.8,47.7,4095,N/A
2025-12-06 12:23:44,25.8,47.7,4095,N/A
2025-12-06 12:23:47,25.8,47.7,4095,N/A
2025-12-06 12:23:50,25.8,47.7,4095,N/A
2025-12-06 12:23:53,25.8,47.7,4095,N/A
2025-12-06 12:23:56,25.8,47.7,4095,N/A
2025-12-06 12:23:59,25.8,47.7,4095,N/A
2025-12-06 12:24:02,25.8,47.7,4095,N/A
2025-12-06 12:24:05,25.8,47.7,4095,N/A
2025-12-06 12:24:08,25.8,47.7,4095,N/A
2025-12-06 12:24:11,25.8,47.7,4095,N/A
2025-12-06 12:24:14,25.8,47.7,4095,N/A
2025-12-06 12:24:17,25.8,47.7,4095,N/A
2025-12-06 12:24:20,25.8,47.7,4095,N/A
2025-12-06 12:24:23,25.8,47.7,4095,N/A
2025-12-06 12:24:26,25.8,47.7,4095,N/A
2025-12-06 12:24:29,25.8,47.7,4095,N/A
2025-12-06 12:24:32,25.8,47.7,4095,N/A
2025-12-06 12:24:35,25.8,47.7,4095,N/A
2025-12-06 12:24:38,25.8,47.7,4095,N/A
2025-12-06 12:24:41,25.8,47.7,4095,N/A
2025-12-06 12:24:44,25.8,47.7,4095,N/A
2025-12-06 12:24:47,25.8,47.6,4095,N/A
2025-12-06 12:24:50,25.8,47.6,4095,N/A
2025-12-06 12:24:53,25.8,47.6,4095,N/A
2025-12-06 12:24:56,25.8,47.6,4095,N/A
2025-12-06 12:24:59,25.8,47.6,4095,N/A
2025-12-06 12:25:02,25.8,47.5,4095,N/A
2025-12-06 12:25:05,25.8,47.5,4095,N/A
2025-12-06 12:25:08,25.8,47.5,4095,N/A
2025-12-06 12:25:11,25.8,47.5,4095,N/A
2025-12-06 12:25:14,25.8,47.5,4095,N/A
2025-12-06 12:25:17,25.8,47.5,4095,N/A
2025-12-06 12:25:20,25.8,47.5,4095,N/A
2025-12-06 12:25:23,25.8,47.5,4095,N/A
2025-12-06 12:25:26,25.8,47.5,4095,N/A
2025-12-06 12:25:29,25.8,47.5,4095,N/A
2025-12-06 12:25:32,25.8,47.5,4095,N/A
2025-12-06 12:25:35,25.8,47.5,4095,N/A
2025-12-06 12:25:38,25.8,47.5,4095,N/A
2025-12-06 12:25:41,25.8,47.5,4095,N/A
2025-12-06 12:25:44,25.8,47.5,4095,N/A
2025-12-06 12:25:47,25.8,47.5,4095,N/A
2025-12-06 12:25:50,25.8,47.5,4095,N/A
2025-12-06 12:25:53,25.8,47.5,4095,N/A
2025-12-06 12:25:56,25.8,47.5,4095,N/A
2025-12-06 12:25:59,25.8,47.5,4095,N/A
2025-12-06 12:26:02,25.8,47.5,4095,N/A
2025-12-06 12:26:05,25.8,47.5,4095,N/A
2025-12-06 12:26:08,25.8,47.5,4095,N/A
2025-12-06 12:26:11,25.8,47.5,4095,N/A
2025-12-06 12:26:14,25.8,47.5,4095,N/A
2025-12-06 12:26:17,25.8,47.5,4095,N/A
2025-12-06 12:26:20,25.8,47.5,4095,N/A
2025-12-06 12:26:23,25.8,47.5,4095,N/A
2025-12-06 12:26:26,25.8,47.5,4095,N/A
2025-12-06 12:26:29,25.8,47.5,4095,N/A
2025-12-06 12:26:32,25.8,47.5,4095,N/A
2025-12-06 12:26:35,25.8,47.5,4095,N/A
2025-12-06 12:26:38,25.8,47.5,4095,N/A
2025-12-06 12:26:41,25.8,47.5,4095,N/A
2025-12-06 12:26:44,25.8,47.5,4095,N/A
2025-12-06 12:26:47,25.8,47.5,4095,N/A
2025-12-06 12:26:50,25.8,47.5,4095,N/A
2025-12-06 12:26:54,25.8,47.4,4095,N/A
2025-12-06 12:26:56,25.8,47.4,4095,N/A
2025-12-06 12:26:59,25.8,47.4,4095,N/A
2025-12-06 12:27:02,25.8,47.4,4095,N/A
2025-12-06 12:27:05,25.8,47.4,4095,N/A
2025-12-06 12:27:08,25.8,47.4,4095,N/A
2025-12-06 12:27:11,25.8,47.3,4095,N/A
2025-12-06 12:27:14,25.8,47.3,4095,N/A
2025-12-06 12:27:17,25.8,47.3,4095,N/A
2025-12-06 12:27:20,25.8,47.3,4095,N/A
2025-12-06 12:27:23,25.8,47.3,4095,N/A
2025-12-06 12:27:26,25.8,47.3,4095,N/A
2025-12-06 12:27:29,25.8,47.3,4095,N/A
2025-12-06 12:27:32,25.8,47.3,4095,N/A
2025-12-06 12:27:35,25.8,47.3,4095,N/A
2025-12-06 12:27:38,25.8,47.3,4095,N/A
2025-12-06 12:27:41,25.8,47.3,4095,N/A
2025-12-06 12:27:44,25.8,47.3,4095,N/A
2025-12-06 12:27:47,25.7,47.3,4095,N/A
2025-12-06 12:27:50,25.7,47.2,4095,N/A
2025-12-06 12:27:53,25.7,47.2,4095,N/A
2025-12-06 12:27:56,25.7,47.3,4095,N/A
2025-12-06 12:27:59,25.7,47.3,4095,N/A
2025-12-06 12:28:02,25.7,47.3,4095,N/A
2025-12-06 12:28:05,25.7,47.3,4095,N/A
2025-12-06 12:28:08,25.7,47.3,4095,N/A
2025-12-06 12:28:11,25.7,47.3,4095,N/A
2025-12-06 12:28:14,25.7,47.3,4095,N/A
2025-12-06 12:28:17,25.7,47.3,4095,N/A
2025-12-06 12:28:20,25.7,47.3,4095,N/A
2025-12-06 12:28:23,25.7,47.3,4095,N/A
2025-12-06 12:28:26,25.7,47.3,4095,N/A
2025-12-06 12:28:29,25.7,47.3,4095,N/A
2025-12-06 12:28:32,25.7,47.3,4095,N/A
2025-12-06 12:28:36,25.7,47.3,4095,N/A
2025-12-06 12:28:38,25.7,47.3,4095,N/A
2025-12-06 12:28:41,25.7,47.3,4095,N/A
2025-12-06 12:28:44,25.7,47.3,4095,N/A
2025-12-06 12:28:47,25.7,47.3,4095,N/A
2025-12-06 12:28:50,25.7,47.3,4095,N/A
2025-12-06 12:28:53,25.7,47.3,4095,N/A
2025-12-06 12:28:56,25.7,47.3,4095,N/A
2025-12-06 12:28:59,25.7,47.3,4095,N/A
2025-12-06 12:29:02,25.7,47.3,4095,N/A
2025-12-06 12:29:05,25.7,47.3,4095,N/A
2025-12-06 12:29:08,25.7,47.3,4095,N/A
2025-12-06 12:29:11,25.7,47.3,4095,N/A
2025-12-06 12:29:14,25.7,47.3,4095,N/A
2025-12-06 12:29:17,25.7,47.3,4095,N/A
2025-12-06 12:29:20,25.7,47.2,4095,N/A
2025-12-06 12:29:23,25.7,47.2,4095,N/A
2025-12-06 12:29:26,25.7,47.2,4095,N/A
2025-12-06 12:29:29,25.7,47.2,4095,N/A
2025-12-06 12:29:32,25.7,47.2,4095,N/A
2025-12-06 12:29:35,25.7,47.2,4095,N/A
2025-12-06 12:29:38,25.7,47.2,4095,N/A
2025-12-06 12:29:41,25.6,47.2,4095,N/A
2025-12-06 12:29:44,25.7,47.2,4095,N/A
2025-12-06 12:29:47,25.6,47.2,4095,N/A
2025-12-06 12:29:50,25.7,47.2,4095,N/A
2025-12-06 12:29:53,25.6,47.2,4095,N/A
2025-12-06 12:29:56,25.7,47.2,4095,N/A
2025-12-06 12:29:59,25.7,47.2,4095,N/A
2025-12-06 12:30:02,25.7,47.3,4095,N/A
2025-12-06 12:30:05,25.7,47.2,4095,N/A
2025-12-06 12:30:08,25.7,47.2,4095,N/A
2025-12-06 12:30:11,25.7,47.2,4095,N/A
2025-12-06 12:30:14,25.7,47.2,4095,N/A
2025-12-06 12:30:17,25.7,47.2,4095,N/A
2025-12-06 12:30:20,25.7,47.2,4095,N/A
2025-12-06 12:30:23,25.7,47.2,4095,N/A
2025-12-06 12:30:26,25.6,47.2,4095,N/A
2025-12-06 12:30:29,25.6,47.2,4095,N/A
2025-12-06 12:30:32,25.6,47.2,4095,N/A
2025-12-06 12:30:35,25.6,47.2,4095,N/A
2025-12-06 12:30:38,25.6,47.2,4095,N/A
2025-12-06 12:30:41,25.6,47.2,4095,N/A
2025-12-06 12:30:44,25.6,47.2,4095,N/A
2025-12-06 12:30:47,25.6,47.1,4095,N/A
2025-12-06 12:30:50,25.6,47.1,4095,N/A
2025-12-06 12:30:53,25.6,47.1,4095,N/A
2025-12-06 12:30:56,25.6,47.1,4095,N/A
2025-12-06 12:30:59,25.6,47.1,4095,N/A
2025-12-06 12:31:02,25.6,47.1,4095,N/A
2025-12-06 12:31:05,25.6,47.1,4095,N/A
2025-12-06 12:31:08,25.6,47.1,4095,N/A
2025-12-06 12:31:11,25.6,47.1,4095,N/A
2025-12-06 12:31:14,25.6,47.1,4095,N/A
2025-12-06 12:31:17,25.6,47.1,4095,N/A
2025-12-06 12:31:20,25.6,47.1,4095,N/A
2025-12-06 12:31:23,25.6,47.1,4095,N/A
2025-12-06 12:31:26,25.6,47.1,4095,N/A
2025-12-06 12:31:29,25.6,47.1,4095,N/A
2025-12-06 12:31:32,25.6,47.1,4095,N/A
2025-12-06 12:31:35,25.6,47.1,4095,N/A
2025-12-06 12:31:38,25.6,47.1,4095,N/A
2025-12-06 12:31:41,25.6,47.1,4095,N/A
2025-12-06 12:31:44,25.6,47.1,4095,N/A
2025-12-06 12:31:47,25.6,47.1,4095,N/A
2025-12-06 12:31:50,25.6,47.1,4095,N/A
2025-12-06 12:31:53,25.6,47.1,4095,N/A
2025-12-06 12:31:56,25.6,47.1,4095,N/A
2025-12-06 12:31:59,25.6,47.1,4095,N/A
2025-12-06 12:32:02,25.6,47.1,4095,N/A
2025-12-06 12:32:05,25.6,47.1,4095,N/A
2025-12-06 12:32:08,25.6,47.1,4095,N/A
2025-12-06 12:32:11,25.6,47.1,4095,N/A
2025-12-06 12:32:14,25.6,47.1,4095,N/A
2025-12-06 12:32:17,25.6,47.1,4095,N/A
2025-12-06 12:32:20,25.6,47.0,4095,N/A
2025-12-06 12:32:23,25.6,47.0,4095,N/A
2025-12-06 12:32:26,25.6,47.0,4095,N/A
2025-12-06 12:32:29,25.6,47.0,4095,N/A
2025-12-06 12:32:32,25.5,47.0,4095,N/A
2025-12-06 12:32:35,25.5,47.0,4095,N/A
2025-12-06 12:32:38,25.5,47.0,4095,N/A
2025-12-06 12:32:41,25.5,47.0,4095,N/A
2025-12-06 12:32:44,25.5,47.0,4095,N/A
2025-12-06 12:32:47,25.5,47.0,4095,N/A
2025-12-06 12:32:50,25.5,47.0,4095,N/A
2025-12-06 12:32:53,25.5,47.0,4095,N/A
2025-12-06 12:32:56,25.5,47.0,4095,N/A
2025-12-06 12:32:59,25.5,47.0,4095,N/A
2025-12-06 12:33:02,25.5,47.0,4095,N/A
2025-12-06 12:33:05,25.5,47.0,4095,N/A
2025-12-06 12:33:08,25.5,47.0,4095,N/A
2025-12-06 12:33:11,25.5,47.0,4095,N/A
2025-12-06 12:33:14,25.5,47.0,4095,N/A
2025-12-06 12:33:17,25.5,47.0,4095,N/A
2025-12-06 12:33:20,25.5,47.0,4095,N/A
2025-12-06 12:33:24,25.5,47.0,4095,N/A
2025-12-06 12:33:26,25.5,47.1,4095,N/A
2025-12-06 12:33:29,25.5,47.1,4095,N/A
2025-12-06 12:33:32,25.5,47.1,4095,N/A
2025-12-06 12:33:35,25.5,47.1,4095,N/A
2025-12-06 12:33:38,25.5,47.0,4095,N/A
2025-12-06 12:33:42,25.5,47.0,4095,N/A
2025-12-06 12:33:44,25.5,47.0,4095,N/A
2025-12-06 12:33:47,25.5,47.0,4095,N/A
2025-12-06 12:33:50,25.5,47.0,4095,N/A
2025-12-06 12:33:53,25.5,47.0,4095,N/A
2025-12-06 12:33:56,25.5,47.0,4095,N/A
2025-12-06 12:33:59,25.5,47.0,4095,N/A
2025-12-06 12:34:02,25.5,47.0,4095,N/A
2025-12-06 12:34:05,25.5,47.0,4095,N/A
2025-12-06 12:34:08,25.5,47.0,4095,N/A
2025-12-06 12:34:11,25.5,47.1,4095,N/A
